Name,Price,Discount Price,Category,Sub Category,Brand,id
Kenpoly Luxury Baby Bath Coloured,695.0,695.0,BABY & KIDS,BABYCARE ACCESSORIES,,12029
Avent Bottle & Teat Brush,2495.0,2495.0,BABY & KIDS,BABY FEEDING,AVENT,20239
Medela Disposable Nursing Pads 30 Pieces,1190.0,1190.0,BABY & KIDS,BABY FEEDING,MEDELA,20242
Medela Spare Teats Small-Per Pair,1540.0,1540.0,BABY & KIDS,BABY FEEDING,MEDELA,11821
Medela Breast Milk Bottle Storage 150ml 3 Pieces,2835.0,2835.0,BABY & KIDS,BABY FEEDING,MEDELA,11818
Momeasy 24 Pieces Nursing Pads 45803,550.0,550.0,BABY & KIDS,BABY FEEDING,MOM EASY,20249
Momeasy Training Cup 240 Ml 45229,505.0,505.0,BABY & KIDS,BABY FEEDING,MOM EASY,20248
Momeasy Feeding Bottle 330 Ml 44762,515.0,515.0,BABY & KIDS,BABY FEEDING,MOM EASY,20247
Momeasy Feeding Bottle 240 Ml 44761,475.0,475.0,BABY & KIDS,BABY FEEDING,MOM EASY,20246
Momeasy 2 Pack Anti-Colic Wide Neck Silicone Nipple 45401,285.0,285.0,BABY & KIDS,BABY FEEDING,MOM EASY,20245
Momeasy Training Cup Soft Spout 180 Ml 45203,465.0,465.0,BABY & KIDS,BABY FEEDING,MOM EASY,20244
Momeasy Soft Spoon 2 Pieces,155.0,155.0,BABY & KIDS,BABY FEEDING,MOM EASY,20241
Momeasy New Born Baby Feeding Set 45622,2585.0,2585.0,BABY & KIDS,BABY FEEDING,MOM EASY,11827
Momeasy Water Bottle 240Ml 8Oz  44614,340.0,340.0,BABY & KIDS,BABY FEEDING,MOM EASY COMPANY LIMITED,22836
Momeasy Water Bottle  45230,375.0,375.0,BABY & KIDS,BABY FEEDING,MOM EASY COMPANY LIMITED,22834
Momeasy W/Neck Silicone Nipples   45414,295.0,295.0,BABY & KIDS,BABY FEEDING,MOM EASY COMPANY LIMITED,22833
Momeasy Std Feeding Bottle 9Oz 44664,480.0,480.0,BABY & KIDS,BABY FEEDING,MOM EASY COMPANY LIMITED,22831
Momeasy Std Feeding Bottle 8Oz 44663,420.0,420.0,BABY & KIDS,BABY FEEDING,MOM EASY COMPANY LIMITED,22830
Momeasy Std Feeding Bottle 5Oz 44665,435.0,435.0,BABY & KIDS,BABY FEEDING,MOM EASY COMPANY LIMITED,22829
Momeasy Rotatable Bottle Brush Set With Sponge Head 45902,465.0,465.0,BABY & KIDS,BABY FEEDING,MOM EASY COMPANY LIMITED,22823
Momeasy Pp Training Cup With Soft Spout 180Ml/60Z 45204,520.0,520.0,BABY & KIDS,BABY FEEDING,MOM EASY COMPANY LIMITED,22822
Momeasy Fresh Food Feeder  45501,360.0,360.0,BABY & KIDS,BABY FEEDING,MOM EASY COMPANY LIMITED,22818
Momeasy Feeding Bottle 8Oz  44767,435.0,435.0,BABY & KIDS,BABY FEEDING,MOM EASY COMPANY LIMITED,22816
Momeasy Feeding Bottle 60 Ml   44649,270.0,270.0,BABY & KIDS,BABY FEEDING,MOM EASY COMPANY LIMITED,22815
Momeasy Feeding Bottle 11Oz   44770,395.0,395.0,BABY & KIDS,BABY FEEDING,MOM EASY COMPANY LIMITED,22812
Momeasy Eight-Shape  Silicone Pacifier  45503,160.0,160.0,BABY & KIDS,BABY FEEDING,MOM EASY COMPANY LIMITED,22811
Momeasy Cooling Teether 45504,270.0,270.0,BABY & KIDS,BABY FEEDING,MOM EASY COMPANY LIMITED,22809
Momeasy Breast Pump W/Neck Pp Feeding Bottle 45607,2035.0,2035.0,BABY & KIDS,BABY FEEDING,MOM EASY COMPANY LIMITED,22808
Momeasy Breast Milk Storage Bags 200Ml 45800,725.0,725.0,BABY & KIDS,BABY FEEDING,MOM EASY COMPANY LIMITED,22807
Momeasy Bottle Brush Set With Sponge Head 45901,325.0,325.0,BABY & KIDS,BABY FEEDING,MOM EASY COMPANY LIMITED,22806
Momeasy Baby Water Bottle 350Ml  46506,605.0,605.0,BABY & KIDS,BABY FEEDING,MOM EASY COMPANY LIMITED,22804
Momeasy Baby Spoon & Fork  45347,165.0,165.0,BABY & KIDS,BABY FEEDING,MOM EASY COMPANY LIMITED,22802
Momeasy 4Pk Pp Weaning Baby Bowl 45302,395.0,395.0,BABY & KIDS,BABY FEEDING,MOM EASY COMPANY LIMITED,22798
Momeasy 2Pk Super Soft Wide Neck Silicone Nip 45403,265.0,265.0,BABY & KIDS,BABY FEEDING,MOM EASY COMPANY LIMITED,22797
Momeasy 2Pk Soft Spoons  45340,185.0,185.0,BABY & KIDS,BABY FEEDING,MOM EASY COMPANY LIMITED,22796
Momeasy 2P Feeding Bottle 240Ml 45618,730.0,730.0,BABY & KIDS,BABY FEEDING,MOM EASY COMPANY LIMITED,22795
Camera Teathers  22651/2,415.0,415.0,BABY & KIDS,BABY FEEDING,RAILI ENTERPRISES.,22522
Camera Silicon Teat 2'S 20300,225.0,225.0,BABY & KIDS,BABY FEEDING,RAILI ENTERPRISES.,22521
Camera Silicon Teat 1S 10332/10300,145.0,145.0,BABY & KIDS,BABY FEEDING,RAILI ENTERPRISES.,22520
Camera Feeding Bottle 51155,345.0,345.0,BABY & KIDS,BABY FEEDING,RAILI ENTERPRISES.,22519
Camera Baby Soother 1'S 15557/46551,160.0,160.0,BABY & KIDS,BABY FEEDING,RAILI ENTERPRISES.,22518
Jungles Buddies Sipper Cup Le19125,450.0,450.0,BABY & KIDS,BABY FEEDING,SANGYUG ENTERPRISES LTD,22685
Jungles Buddies Insulated Feeding Cup Le19126,530.0,530.0,BABY & KIDS,BABY FEEDING,SANGYUG ENTERPRISES LTD,22684
Jungles Buddies Fresh Fruit Feeder With Handle Le15368,390.0,390.0,BABY & KIDS,BABY FEEDING,SANGYUG ENTERPRISES LTD,22683
Jungles Buddies Feeding Spoon 2Premium Care Le15353,275.0,275.0,BABY & KIDS,BABY FEEDING,SANGYUG ENTERPRISES LTD,22682
Jungles Buddies Feeding Cup With Clip Le19127,440.0,440.0,BABY & KIDS,BABY FEEDING,SANGYUG ENTERPRISES LTD,22681
Jungles Buddies Feeding Bottle Le19124,385.0,385.0,BABY & KIDS,BABY FEEDING,SANGYUG ENTERPRISES LTD,22680
Jungles Buddies Feeding Bottle Le15351,390.0,390.0,BABY & KIDS,BABY FEEDING,SANGYUG ENTERPRISES LTD,22679
Jungles Buddies Feeding Bottle Le 15320,300.0,300.0,BABY & KIDS,BABY FEEDING,SANGYUG ENTERPRISES LTD,22677
Jungles Buddies Feeding Bottle 8Oz Le15316,250.0,250.0,BABY & KIDS,BABY FEEDING,SANGYUG ENTERPRISES LTD,22676
Jungles Buddies Feeding Bottle 4Oz Le15319,275.0,275.0,BABY & KIDS,BABY FEEDING,SANGYUG ENTERPRISES LTD,22675
Jungles Buddies Feeding Bottle  Le19123,340.0,340.0,BABY & KIDS,BABY FEEDING,SANGYUG ENTERPRISES LTD,22674
Jungles Buddies Feeding Bottle  Le19121,220.0,220.0,BABY & KIDS,BABY FEEDING,SANGYUG ENTERPRISES LTD,22673
Jungles Buddies Cuddle Feeder  Le15354,450.0,450.0,BABY & KIDS,BABY FEEDING,SANGYUG ENTERPRISES LTD,22672
Jungles Buddies Baby Sipper Le15341,210.0,210.0,BABY & KIDS,BABY FEEDING,SANGYUG ENTERPRISES LTD,22670
Jungles Buddies Baby Pacifier 6M+ Bpa Free Le15358,180.0,180.0,BABY & KIDS,BABY FEEDING,SANGYUG ENTERPRISES LTD,22667
Jungles Buddies Baby Pacifier 0-6M Bpa Free Le15357,180.0,180.0,BABY & KIDS,BABY FEEDING,SANGYUG ENTERPRISES LTD,22666
Jungle Buddies Feeding Bottle  Le19122,250.0,250.0,BABY & KIDS,BABY FEEDING,SANGYUG ENTERPRISES LTD,22664
Jungles Buddies Feeding Bottle 12Oz/360Ml Le15340,300.0,300.0,BABY & KIDS,BABY FEEDING,SANGYUG ENTERPRISES LTD,22481
Nestle' Cerelac Wheat With Milk 6 Months+ 400g,810.0,810.0,BABY & KIDS,BABY FOODS,CERELAC,11469
Nestle' Cerelac Wheat With Milk 6 Months+ 200g,405.0,405.0,BABY & KIDS,BABY FOODS,CERELAC,11467
Nestle' Cerelac Wheat 6 Month+ 50g,70.0,70.0,BABY & KIDS,BABY FOODS,CERELAC,11466
Nestle' Cerelac Honey & Wheat With Milk 7 Months+ 400g,810.0,810.0,BABY & KIDS,BABY FOODS,CERELAC,11465
Nestle' Cerelac Banana With Milk 7 Months+ 200g,405.0,405.0,BABY & KIDS,BABY FOODS,CERELAC,11464
Nestle' Cerelac Banana 400g,810.0,810.0,BABY & KIDS,BABY FOODS,CERELAC,11463
Cow & Gate Nutristart 2 6-12 Months 400g,1760.0,1760.0,BABY & KIDS,BABY FOODS,COW&GATE,11472
Cow & Gate Nutristart 1 0-6 Months 400g,1760.0,1760.0,BABY & KIDS,BABY FOODS,COW&GATE,11471
Cow & Gate Nutrijunior 1-3 Years 400g,1760.0,1760.0,BABY & KIDS,BABY FOODS,COW&GATE,11470
Aptamil Infant Formula Milk 400G,1980.0,1980.0,BABY & KIDS,BABY FOODS,KIM-FAY EAST AFRICA LIMITED,22487
Aptamil Growing-Up Formula Milk 400G,1980.0,1980.0,BABY & KIDS,BABY FOODS,KIM-FAY EAST AFRICA LIMITED,22486
Aptamil Growing Up Formula Milk 800G,3760.0,3760.0,BABY & KIDS,BABY FOODS,KIM-FAY EAST AFRICA LIMITED,22485
Aptamil Follow-Up Formula Milk 400G,1980.0,1980.0,BABY & KIDS,BABY FOODS,KIM-FAY EAST AFRICA LIMITED,22484
Nestle' Lactogen 1 0-6 Months 400 g,1410.0,1410.0,BABY & KIDS,BABY FOODS,LACTOGEN,20258
Nestle' Lactogen 2 6-12 Months 400 g,1410.0,1410.0,BABY & KIDS,BABY FOODS,LACTOGEN,20257
Nestle' Nan 3 Optipro 1-3 Years 400g,1960.0,1960.0,BABY & KIDS,BABY FOODS,NAN,11845
"Hero Baby Banana, Mandrine & Pear Jar 125G",195.0,195.0,BABY & KIDS,BABY FOODS,ROSHNI DISTRIBUTORS LTD.,22644
Hero Baby 3 Fruits Jar 125G,195.0,195.0,BABY & KIDS,BABY FOODS,ROSHNI DISTRIBUTORS LTD.,22642
Cool Baby High Chair Yq-008,13900.0,13900.0,BABY & KIDS,BABY FURNITURE,,11849
Aryuv Baby Wipes 80 Pieces,218.0,218.0,BABY & KIDS,BABY HYGIENE,ARYUV,11945
Aryuv Baby Wipes 30'S Travel Pack,100.0,100.0,BABY & KIDS,BABY HYGIENE,ARYUV,11944
Softcare Baby Wipes 80 Pieces,199.0,159.0,BABY & KIDS,BABY HYGIENE,BABY DREAM,11965
Cussons Baby Wipes Mild & Gentle 50 Pieces,230.0,230.0,BABY & KIDS,BABY HYGIENE,CUSSONS,11948
Pampers Premium Care Pants Midi 2*56 Size 3,2199.0,2199.0,BABY & KIDS,BABY HYGIENE,HASBAH KENYA LTD.,22875
Pampers Premium Care Pants Maxi 2*44 Size 4,2199.0,2199.0,BABY & KIDS,BABY HYGIENE,HASBAH KENYA LTD.,22874
Pampers Premium Care Pants Junior 2*40 Size 5,2199.0,2199.0,BABY & KIDS,BABY HYGIENE,HASBAH KENYA LTD.,22873
Pampers Pemium Care Pants Junior 2*36 Size 6,2199.0,2199.0,BABY & KIDS,BABY HYGIENE,HASBAH KENYA LTD.,22872
Pampers Pants 3*35 Size 7,2199.0,2199.0,BABY & KIDS,BABY HYGIENE,HASBAH KENYA LTD.,22871
Molfix Pants Size 6 - 7*8,239.0,239.0,BABY & KIDS,BABY HYGIENE,HAYAT KIMYA KENYA HYGIENIC PRODUCTS LIMITED,22794
Molfix Pants Size 6 - 22*4,949.0,949.0,BABY & KIDS,BABY HYGIENE,HAYAT KIMYA KENYA HYGIENIC PRODUCTS LIMITED,22793
Molfix Pants Jumbo 36*3 Xxl,1849.0,1849.0,BABY & KIDS,BABY HYGIENE,HAYAT KIMYA KENYA HYGIENIC PRODUCTS LIMITED,22792
Molfix Pant Midi 9*8,239.0,239.0,BABY & KIDS,BABY HYGIENE,HAYAT KIMYA KENYA HYGIENIC PRODUCTS LIMITED,22790
Huggies Dry Comfort Size 5 12-22Kg 56 Pieces,1899.0,1199.0,BABY & KIDS,BABY HYGIENE,HUGGIES,11863
Huggies Dry Comfort Size 4 8-14Kg 60 Pieces,1899.0,1199.0,BABY & KIDS,BABY HYGIENE,HUGGIES,11860
Huggies Dry Comfort Size 3 5-9Kg 64 Pieces,1899.0,1199.0,BABY & KIDS,BABY HYGIENE,HUGGIES,11857
Huggies Dry Comfort Size 2 3-6Kg 68 Pieces,1899.0,1199.0,BABY & KIDS,BABY HYGIENE,HUGGIES,11854
Huggies Pants Jumbo 60*2 Size 3,1999.0,1999.0,BABY & KIDS,BABY HYGIENE,KIM-FAY EAST AFRICA LIMITED,22652
Huggies Extra Care Gold Size 4 4o Pieces,1999.0,1999.0,BABY & KIDS,BABY HYGIENE,KIM-FAY EAST AFRICA LIMITED,22651
Huggies Extra Care Gold 42'S Size 3,1999.0,1999.0,BABY & KIDS,BABY HYGIENE,KIM-FAY EAST AFRICA LIMITED,22650
Huggies Extra Care Gold 34'S Size 5,1999.0,1999.0,BABY & KIDS,BABY HYGIENE,KIM-FAY EAST AFRICA LIMITED,22649
Huggies Dry Comfort Diaper 8S Size 4,260.0,260.0,BABY & KIDS,BABY HYGIENE,KIM-FAY EAST AFRICA LIMITED,22648
Molfix Pant Midi Size 3 6-9Kg 62 Pieces,1699.0,1699.0,BABY & KIDS,BABY HYGIENE,MOLFIX,11924
Molfix Pant Midi Size 3 6-9Kg 31 Pieces,949.0,949.0,BABY & KIDS,BABY HYGIENE,MOLFIX,11923
Molfix Pant Maxi Size 4 9-15Kg 8 Pieces,239.0,239.0,BABY & KIDS,BABY HYGIENE,MOLFIX,11922
Molfix Pant Maxi Size 4 9-15Kg 56 Pieces,1699.0,1699.0,BABY & KIDS,BABY HYGIENE,MOLFIX,11921
Molfix Pant Maxi Size 4 9-15Kg 28 Pieces,949.0,949.0,BABY & KIDS,BABY HYGIENE,MOLFIX,11920
Molfix Pant Junior Size 5 15-20Kg 7 Pieces,239.0,239.0,BABY & KIDS,BABY HYGIENE,MOLFIX,11919
Molfix Pant Junior Size 5 15-20Kg 52 Pieces,1699.0,1699.0,BABY & KIDS,BABY HYGIENE,MOLFIX,11918
Molfix Pant Junior Size 5 15-20Kg 26 Pieces,949.0,949.0,BABY & KIDS,BABY HYGIENE,MOLFIX,11917
Molfix Day & Night Size 5 15-20Kg 56 Pieces,1599.0,1599.0,BABY & KIDS,BABY HYGIENE,MOLFIX,11880
Molfix Day & Night Size 5 15-20Kg 36 Pieces,999.0,999.0,BABY & KIDS,BABY HYGIENE,MOLFIX,11879
Molfix Day & Night Size 5 15-20Kg 10 Pieces,229.0,229.0,BABY & KIDS,BABY HYGIENE,MOLFIX,11878
Molfix Day & Night Size 4 9-15Kg 40 Pieces,999.0,999.0,BABY & KIDS,BABY HYGIENE,MOLFIX,11876
Molfix Day & Night Size 3 6-9Kg 72 Pieces,1599.0,1599.0,BABY & KIDS,BABY HYGIENE,MOLFIX,11874
Molfix Day & Night Size 3 6-9Kg 42 Pieces,999.0,999.0,BABY & KIDS,BABY HYGIENE,MOLFIX,11873
Molfix Day & Night Size 2 3-6Kg 80 Pieces,1599.0,1599.0,BABY & KIDS,BABY HYGIENE,MOLFIX,11871
Molfix Day & Night Size 2 3-6Kg 48 Pieces,999.0,999.0,BABY & KIDS,BABY HYGIENE,MOLFIX,11870
Pampers Baby Wipes Sensitive 56 Pieces,322.0,322.0,BABY & KIDS,BABY HYGIENE,PAMPERS,11963
Pampers Baby Wipes Fresh Clean 64 Pieces,322.0,322.0,BABY & KIDS,BABY HYGIENE,PAMPERS,11962
Pampers Pants Size 5 Junior 12-18Kg 8 Pieces,270.0,270.0,BABY & KIDS,BABY HYGIENE,PAMPERS,11936
Pampers Pants Size 5 Junior 12-18Kg 52 Pieces,2199.0,2199.0,BABY & KIDS,BABY HYGIENE,PAMPERS,11935
Pampers Pants Size 5 Junior 11-25Kg 26 Pieces,1149.0,1149.0,BABY & KIDS,BABY HYGIENE,PAMPERS,11934
Pampers Pants Size 4 Maxi 7-18Kg 8 Pieces,270.0,270.0,BABY & KIDS,BABY HYGIENE,PAMPERS,11933
Pampers Pants Size 4 Maxi 7-18Kg 56 Pieces,2199.0,2199.0,BABY & KIDS,BABY HYGIENE,PAMPERS,11932
Pampers Pants Size 4 Maxi 7-18Kg 28 Pieces,1149.0,1149.0,BABY & KIDS,BABY HYGIENE,PAMPERS,11931
Pampers Pants Size 3 Midi 6-11Kg 8 Pieces,270.0,270.0,BABY & KIDS,BABY HYGIENE,PAMPERS,11930
Pampers Pants Size 3 Midi 6-11Kg 62 Pieces,2199.0,2199.0,BABY & KIDS,BABY HYGIENE,PAMPERS,11929
Pampers Pants Size 3 Midi 4-9Kg 31 Pieces,1149.0,1149.0,BABY & KIDS,BABY HYGIENE,PAMPERS,11928
Pampers Junior Pants Size 6 24 Pieces,1149.0,1149.0,BABY & KIDS,BABY HYGIENE,PAMPERS,11926
Pampers Jumbo Junior Pants Size 6 48 Pieces,2199.0,2199.0,BABY & KIDS,BABY HYGIENE,PAMPERS,11925
Pampers New Baby Dry Size 2 Mini 3-6Kg 10 Pieces,270.0,270.0,BABY & KIDS,BABY HYGIENE,PAMPERS,11895
Pampers New Baby 80 Pieces,2199.0,2199.0,BABY & KIDS,BABY HYGIENE,PAMPERS,11894
Pampers Maxi Unisex Value Pack 3*62 pieces,2199.0,2199.0,BABY & KIDS,BABY HYGIENE,PAMPERS,11893
Pampers Junior Unisex Size 5 56 Pieces,2199.0,2199.0,BABY & KIDS,BABY HYGIENE,PAMPERS,11892
Pampers Jumbo Junior Size 6 48 Pieces,2199.0,2199.0,BABY & KIDS,BABY HYGIENE,PAMPERS,11891
Pampers Baby Dry Size 5 Junior 11-25Kg 8 Pieces,270.0,270.0,BABY & KIDS,BABY HYGIENE,PAMPERS,11890
Pampers Baby Dry Size 5 Junior 11-25Kg 30 Pieces,1149.0,1149.0,BABY & KIDS,BABY HYGIENE,PAMPERS,11889
Pampers Baby Dry Size 4 Maxi 7-18Kg 8 Pieces,270.0,270.0,BABY & KIDS,BABY HYGIENE,PAMPERS,11888
Pampers Baby Dry Size 4 Maxi 7-18Kg 32 Pieces,1149.0,1149.0,BABY & KIDS,BABY HYGIENE,PAMPERS,11887
Pampers Baby Dry Size 3 Midi 4-9Kg 32 Pieces,1149.0,1149.0,BABY & KIDS,BABY HYGIENE,PAMPERS,11884
Pampers Baby Dry Size 2 Mini 3-6Kg 72 Pieces,2199.0,2199.0,BABY & KIDS,BABY HYGIENE,PAMPERS,11883
Pampers Baby Dry Size 2 Mini 3-6Kg 36 Pieces,1149.0,1149.0,BABY & KIDS,BABY HYGIENE,PAMPERS,11882
Pampers Baby Dry Size 1 Newborn 2-5Kg 40 Pieces,1149.0,1149.0,BABY & KIDS,BABY HYGIENE,PAMPERS,11881
Cussons Baby Soft & Smooth Wipes 80 Pieces,270.0,270.0,BABY & KIDS,BABY HYGIENE,PZ CUSSONS EAST AFRICA LTD,22558
Cussons Baby Mild & Gentle Wipes 80 Pieces,270.0,270.0,BABY & KIDS,BABY HYGIENE,PZ CUSSONS EAST AFRICA LTD,22555
Softcare Baby Pants Xl-36,849.0,849.0,BABY & KIDS,BABY HYGIENE,SOFTCARE,11940
Softcare Baby Pants Medium-44,849.0,849.0,BABY & KIDS,BABY HYGIENE,SOFTCARE,11939
Softcare Baby Pants Large-40,849.0,849.0,BABY & KIDS,BABY HYGIENE,SOFTCARE,11938
Softcare Premium Diaper Medium 62,1399.0,1399.0,BABY & KIDS,BABY HYGIENE,SOFTCARE,11912
Softcare Premium Diaper Large 56 Pieces,1399.0,1399.0,BABY & KIDS,BABY HYGIENE,SOFTCARE,11911
Softcare Gold Diaper Small 48 Pieces,849.0,849.0,BABY & KIDS,BABY HYGIENE,SOFTCARE,11907
Softcare Gold Diaper Midi 42 Pieces,849.0,849.0,BABY & KIDS,BABY HYGIENE,SOFTCARE,11904
Softcare Gold Diaper Maxi Large 40 Pieces,849.0,849.0,BABY & KIDS,BABY HYGIENE,SOFTCARE,11903
Softcare Gold Diaper Junior Extra Large 36 Pieces,849.0,849.0,BABY & KIDS,BABY HYGIENE,SOFTCARE,11901
Softcare Premium Diapers Xl-51,1399.0,1399.0,BABY & KIDS,BABY HYGIENE,SOFTCARE KENYA COMPANY LIMITED,22940
Softcare Premium Diapers Mini Xl-7,219.0,219.0,BABY & KIDS,BABY HYGIENE,SOFTCARE KENYA COMPANY LIMITED,22939
Softcare Premium Diaper S-69,1399.0,1399.0,BABY & KIDS,BABY HYGIENE,SOFTCARE KENYA COMPANY LIMITED,22938
Softcare Premium Diaper Mini S-10,219.0,219.0,BABY & KIDS,BABY HYGIENE,SOFTCARE KENYA COMPANY LIMITED,22937
Softcare Premium Diaper Mini M-9,219.0,219.0,BABY & KIDS,BABY HYGIENE,SOFTCARE KENYA COMPANY LIMITED,22936
Softcare Pants Midi Xl-30,689.0,689.0,BABY & KIDS,BABY HYGIENE,SOFTCARE KENYA COMPANY LIMITED,22935
Softcare Pants Midi M- 32,689.0,689.0,BABY & KIDS,BABY HYGIENE,SOFTCARE KENYA COMPANY LIMITED,22934
Softcare Pants Midi L-30,689.0,689.0,BABY & KIDS,BABY HYGIENE,SOFTCARE KENYA COMPANY LIMITED,22933
Caresons Baby Care Perfumed Jelly 55g,55.0,55.0,BABY & KIDS,BABY SKIN CARE,BABYCARE,11978
Caresons Baby Care Perfumed Jelly 100g,97.0,97.0,BABY & KIDS,BABY SKIN CARE,BABYCARE,11977
Caresons Baby Care Formula 500g,320.0,320.0,BABY & KIDS,BABY SKIN CARE,BABYCARE,11976
Caresons Baby Care Formula 200g,160.0,160.0,BABY & KIDS,BABY SKIN CARE,BABYCARE,11975
Ballet Baby Soap Regular 100 g,86.0,86.0,BABY & KIDS,BABY SKIN CARE,BALLET,20275
Ballet Baby Soap Aloe Vera 100 g,86.0,86.0,BABY & KIDS,BABY SKIN CARE,BALLET,20274
Ballet Baby Soap Calendula 100 g,86.0,86.0,BABY & KIDS,BABY SKIN CARE,BALLET,20273
Ballet Baby Soap Shea Butter 100 g,86.0,86.0,BABY & KIDS,BABY SKIN CARE,BALLET,20272
Ballet Baby Lotion With Almond Oil 230 ml,224.0,224.0,BABY & KIDS,BABY SKIN CARE,BALLET,20271
Ballet Perfumed Baby Jelly 250 g,271.0,271.0,BABY & KIDS,BABY SKIN CARE,BALLET,20270
Ballet Perfumed Baby Jelly 100 g,122.0,122.0,BABY & KIDS,BABY SKIN CARE,BALLET,20264
Ballet Baby Lotion With Almond Oil 125 ml,139.0,139.0,BABY & KIDS,BABY SKIN CARE,BALLET,20263
Maws Head-To-Heel Baby Wash 240Ml,380.0,380.0,BABY & KIDS,BABY SKIN CARE,BUYLINE INDUSTRIES LTD,22767
Maws Baby Oil 125Ml,185.0,185.0,BABY & KIDS,BABY SKIN CARE,BUYLINE INDUSTRIES LTD,22766
Luron Baby Diaper Rash Cream 75Ml,254.0,254.0,BABY & KIDS,BABY SKIN CARE,BUYLINE INDUSTRIES LTD,22760
Luron Avena Moisturising Baby Lotion 240Ml,418.0,418.0,BABY & KIDS,BABY SKIN CARE,BUYLINE INDUSTRIES LTD,22759
Luron Avena Moisturising Baby Cream 175Ml,402.0,402.0,BABY & KIDS,BABY SKIN CARE,BUYLINE INDUSTRIES LTD,22758
Luron Avena Baby Wash & Shampoo 240Ml,418.0,418.0,BABY & KIDS,BABY SKIN CARE,BUYLINE INDUSTRIES LTD,22757
Ballet Perfumed Baby Jelly 50G,70.0,70.0,BABY & KIDS,BABY SKIN CARE,BUYLINE INDUSTRIES LTD,22505
Ballet Baby Oil 230Ml,289.0,289.0,BABY & KIDS,BABY SKIN CARE,BUYLINE INDUSTRIES LTD,22504
Ballet Baby Oil 125Ml,173.0,173.0,BABY & KIDS,BABY SKIN CARE,BUYLINE INDUSTRIES LTD,22503
Ballet Baby Milk Soap 100G,86.0,86.0,BABY & KIDS,BABY SKIN CARE,BUYLINE INDUSTRIES LTD,22502
Ballet Baby Honey Soap 100G,86.0,86.0,BABY & KIDS,BABY SKIN CARE,BUYLINE INDUSTRIES LTD,22501
Ballet Baby Cream Wash&Shampoo 240Ml,380.0,380.0,BABY & KIDS,BABY SKIN CARE,BUYLINE INDUSTRIES LTD,22500
Cussons Baby Soft & Smooth Powder 100g,270.0,270.0,BABY & KIDS,BABY SKIN CARE,CUSSONS,12015
Cussons Baby Mild & Gental Powder 100g,270.0,270.0,BABY & KIDS,BABY SKIN CARE,CUSSONS,12013
Cussons Baby Oil Soft & Smooth 200ml,420.0,420.0,BABY & KIDS,BABY SKIN CARE,CUSSONS,12005
Cussons Baby Oil Soft & Smooth 100ml,230.0,230.0,BABY & KIDS,BABY SKIN CARE,CUSSONS,12004
Cussons Baby Oil Mild & Gentle 200ml,420.0,420.0,BABY & KIDS,BABY SKIN CARE,CUSSONS,12003
Cussons Baby Jelly Soft & Smooth Perfumed 110g,140.0,140.0,BABY & KIDS,BABY SKIN CARE,CUSSONS,12002
Cussons Baby Lotion Soft & Smooth 200ml,400.0,400.0,BABY & KIDS,BABY SKIN CARE,CUSSONS,11994
Cussons Baby Lotion Mild & Gentle 200ml,400.0,400.0,BABY & KIDS,BABY SKIN CARE,CUSSONS,11992
Cussons Baby Jelly Mild & Gentle Unperfumed 275ml,270.0,270.0,BABY & KIDS,BABY SKIN CARE,CUSSONS,11980
Cussons Baby Jelly Mild & Gentle Unperfumed 110g,140.0,140.0,BABY & KIDS,BABY SKIN CARE,CUSSONS,11979
Cussons Baby Gift Pack Pink Large Size,1050.0,1050.0,BABY & KIDS,BABY SKIN CARE,CUSSONS,11973
Cussons Baby Gift Pack Blue Large Size,1050.0,1050.0,BABY & KIDS,BABY SKIN CARE,CUSSONS,11971
Cussons Baby Gift Box Soft & Smooth Pink,1600.0,1600.0,BABY & KIDS,BABY SKIN CARE,CUSSONS,11970
Cussons Baby Gift Box Mild & Gentle Blue,1600.0,1600.0,BABY & KIDS,BABY SKIN CARE,CUSSONS,11969
Cussons Baby Mild & Gental Hand & Body Wash 200ml,420.0,420.0,BABY & KIDS,BABY SKIN CARE,CUSSONS,11579
Cussons Baby Soap Soft & Smooth 100g,90.0,90.0,BABY & KIDS,BABY SKIN CARE,CUSSONS,11571
Cussons Baby Soap Mild & Gentle 100g,90.0,90.0,BABY & KIDS,BABY SKIN CARE,CUSSONS,11570
Dove Baby Rich Moisture Shampoo 200ml,355.0,355.0,BABY & KIDS,BABY SKIN CARE,DOVE,11560
Johnsons Baby Hamper,2370.0,2370.0,BABY & KIDS,BABY SKIN CARE,J&J,20277
Johnson's Baby Powder 100g,375.0,375.0,BABY & KIDS,BABY SKIN CARE,J&J,12018
Johnson's Baby Oil 300ml,940.0,940.0,BABY & KIDS,BABY SKIN CARE,J&J,12009
Johnson's Baby Oil 200ml,720.0,720.0,BABY & KIDS,BABY SKIN CARE,J&J,12008
Johnson's Baby Oil 125ml,520.0,520.0,BABY & KIDS,BABY SKIN CARE,J&J,12007
Johnson's Baby Bedtime Oil 200ml,720.0,720.0,BABY & KIDS,BABY SKIN CARE,J&J,12006
Jonhson's Baby Lotion 200ml,880.0,880.0,BABY & KIDS,BABY SKIN CARE,J&J,11998
Johnson's Baby Lotion 100ml,620.0,620.0,BABY & KIDS,BABY SKIN CARE,J&J,11997
Johnson's Baby Aqueous Cream Fragrance-Free 350ml,880.0,880.0,BABY & KIDS,BABY SKIN CARE,J&J,11967
Johnson's Aqueous Cream Lightly Fragranced 350ml,880.0,880.0,BABY & KIDS,BABY SKIN CARE,J&J,11966
Johnson's Baby Bath Top To Toe 300ml,1320.0,1320.0,BABY & KIDS,BABY SKIN CARE,J&J,11580
Johnson's Baby Bedtime Bath 500ml,2175.0,2175.0,BABY & KIDS,BABY SKIN CARE,J&J,11578
Johnson's Baby Bedtime Bath 300ml,1600.0,1600.0,BABY & KIDS,BABY SKIN CARE,J&J,11577
Johnson's Baby Top-To-Toe 500ml,2175.0,2175.0,BABY & KIDS,BABY SKIN CARE,J&J,11576
Johnson's Baby Soap Regular 100g,125.0,125.0,BABY & KIDS,BABY SKIN CARE,J&J,11575
Johnson's Baby Soap Oil 100g,125.0,125.0,BABY & KIDS,BABY SKIN CARE,J&J,11574
Johnson's Baby Soap Lotion 100g,125.0,125.0,BABY & KIDS,BABY SKIN CARE,J&J,11573
Johnson's Baby Soap Bedtime 100g,125.0,125.0,BABY & KIDS,BABY SKIN CARE,J&J,11572
Johnson's Baby Shampoo 300ml,1100.0,1100.0,BABY & KIDS,BABY SKIN CARE,J&J,11564
Johnson's Baby Shampoo 200ml,870.0,870.0,BABY & KIDS,BABY SKIN CARE,J&J,11563
Johnson's Baby Jelly Lightly Fragranced 250ml,460.0,460.0,BABY & KIDS,BABY SKIN CARE,JOHNSONS,11985
Johnson's Baby Jelly Lightly Fragranced 100ml,230.0,230.0,BABY & KIDS,BABY SKIN CARE,JOHNSONS,11984
Johnson's Baby Jelly Fragrance-Free 250ml,460.0,460.0,BABY & KIDS,BABY SKIN CARE,JOHNSONS,11983
Johnson's Baby Jelly Fragrance-Free 100ml,230.0,230.0,BABY & KIDS,BABY SKIN CARE,JOHNSONS,11968
Maws Baby Lotion Day-Long Moisturisation 125 ml,162.0,162.0,BABY & KIDS,BABY SKIN CARE,MAWS,20269
Maws Baby Lotion Day-Long Moisturisation 230 ml,259.0,259.0,BABY & KIDS,BABY SKIN CARE,MAWS,20268
Cussons Protect Care Soap 100G,90.0,90.0,BABY & KIDS,BABY SKIN CARE,PZ CUSSONS EAST AFRICA LTD,22560
Cussons Fresh Nourishing Soap 100G,90.0,90.0,BABY & KIDS,BABY SKIN CARE,PZ CUSSONS EAST AFRICA LTD,22559
Cussons Baby Soft & Smooth Oil 50Ml,150.0,150.0,BABY & KIDS,BABY SKIN CARE,PZ CUSSONS EAST AFRICA LTD,22557
Cussons Baby S&S Powder 50G,160.0,160.0,BABY & KIDS,BABY SKIN CARE,PZ CUSSONS EAST AFRICA LTD,22556
Cussons Baby Mild & Gentle Powder 50G,160.0,160.0,BABY & KIDS,BABY SKIN CARE,PZ CUSSONS EAST AFRICA LTD,22554
Cussons Baby Mild & Gentle Oil 50Ml,150.0,150.0,BABY & KIDS,BABY SKIN CARE,PZ CUSSONS EAST AFRICA LTD,22553
Cussons Baby Mild & Gentle Oil 100Ml,230.0,230.0,BABY & KIDS,BABY SKIN CARE,PZ CUSSONS EAST AFRICA LTD,22552
Johnson'S Baby Lotion 500Ml,2010.0,2010.0,BABY & KIDS,BABY SKIN CARE,RADBONE-CLARK KENYA LIMITED.,22660
Jungles Buddies Brush+Comb Le15347,230.0,230.0,BABY & KIDS,BABY SKIN CARE,SANGYUG ENTERPRISES LTD,22671
Suave Kids 3In1 Pure 355Ml,1260.0,1260.0,BABY & KIDS,BABY SKIN CARE,TRADE-ROOTS LTD,22953
Suave Kids 3 In1 Watermelon 532Ml,1315.0,1315.0,BABY & KIDS,BABY SKIN CARE,TRADE-ROOTS LTD,22952
Vaseline Perfumed Baby Jelly 45Ml,80.0,80.0,BABY & KIDS,BABY SKIN CARE,UNILEVER KENYA LIMITED,22973
Vaseline Gentle Baby Petroleum Jelly 430Ml ,549.0,549.0,BABY & KIDS,BABY SKIN CARE,UNILEVER KENYA LIMITED,22972
Valon Perfumed White Petroleum Jelly Skin Care 100 g,130.0,130.0,BABY & KIDS,BABY SKIN CARE,VALON,20262
Valon Perfumed White Petroleum Jelly Skin Care 250 g,280.0,280.0,BABY & KIDS,BABY SKIN CARE,VALON,20261
Valon Pure White Petroleum Jelly Skin Care 250 g,280.0,280.0,BABY & KIDS,BABY SKIN CARE,VALON,20260
Valon Pure White Petroleum Jelly Skin Care 100g,130.0,130.0,BABY & KIDS,BABY SKIN CARE,VALON,11988
Vaseline Baby Petroleum Jelly 250ml,300.0,300.0,BABY & KIDS,BABY SKIN CARE,VASELINE,11990
Vaseline Baby Petroleum Jelly 100ml,140.0,140.0,BABY & KIDS,BABY SKIN CARE,VASELINE,11989
Funskool The Original Monopoly 8 Years+,6500.0,6500.0,BABY & KIDS,BABY TOYS,FUNSKOOL,20809
XF Racing Car 8 Years+,1320.0,1320.0,BABY & KIDS,BABY TOYS,TEDDY,20309
Model Stormy Car 3 Years+,2500.0,2500.0,BABY & KIDS,BABY TOYS,TEDDY,20308
Friction Car  2,550.0,550.0,BABY & KIDS,BABY TOYS,TORIAH AFRICA LIMITED,22624
Cool Baby Rocker R01,4798.0,4798.0,BABY & KIDS,BABY WALKERS,,12022
Bargain Frame Pump,415.0,415.0,BABY & KIDS,BICYCLE,,22508
Foot Pump With Small Tank,1180.0,1180.0,BABY & KIDS,BICYCLE ACCESSORIES,,10787
Huggies Drynites Girl 10S 4-7 Years,1250.0,1250.0,,,,21311
Huggies Drynites Boy 8-15 Years,1250.0,1250.0,,,,21310
Huggies Drynites Boy 4-7 Years,1250.0,1250.0,,,,21309
Huggies Pants 50*2 Sz 4,1999.0,1999.0,,,,11958
Huggies Pants 38*2 Sz 6,1999.0,1999.0,,,,11956
Huggies Baby Wipes Newborn Pure 64 Pieces,280.0,280.0,,,,11954
Huggies Baby Wipes Natural Care Aloe 64 Pieces,280.0,280.0,,,,11953
Huggies Pants 5 28*4,1399.0,1399.0,,,,11916
Huggies Pants 4 32*4,1399.0,1399.0,,,,11915
Huggies Pants 3 36*4,1399.0,1399.0,,,,11914
Huggies Pants 26*4 Size 6,1399.0,1399.0,,,,11913
Huggies Newborn Size 2 3-6Kg 32 Pieces,1149.0,1149.0,,,,11867
Huggies Newborn Size 1 2-5Kg 28 Pieces,1049.0,1049.0,,,,11866
Huggies Drynites Girl 9S 8-15Yr,1250.0,1250.0,,,,11865
Huggies Dry Comfort Size 5 12-22Kg 7 Pieces,260.0,260.0,,,,11864
Huggies Dry Comfort Size 5 12-22Kg 32 Pieces,999.0,999.0,,,,11862
Huggies Dry Comfort Size 4 8-14Kg 36 Pieces,999.0,999.0,,,,11859
Huggies Dry Comfort Size 3 5-9Kg 36 Pieces,999.0,999.0,,,,11856
Huggies Dry Comfort Size 3 5-8Kg 9 Pieces,260.0,260.0,,,,11855
Huggies Dry Comfort Size 2 3-6Kg 38 Pieces,999.0,999.0,,,,11853
Huggies Dry Comfort Size 2 3-6Kg 10 Pieces,260.0,260.0,,,,11851
